total_min,total_hrs,mean_min,total_dist,mean_dist
1875,31.25,52.083333333333336,20.214999999999993,0.5615277777777777
